"gender","value","yil","ilce"
"ERKEK",5412,2007,"Adalar"
"KADIN",5048,2007,"Adalar"
"ERKEK",7618,2008,"Adalar"
"KADIN",6454,2008,"Adalar"
"ERKEK",7692,2009,"Adalar"
"KADIN",6649,2009,"Adalar"
"ERKEK",7641,2010,"Adalar"
"KADIN",6580,2010,"Adalar"
"ERKEK",7304,2011,"Adalar"
"KADIN",6579,2011,"Adalar"
"ERKEK",7941,2012,"Adalar"
"KADIN",6611,2012,"Adalar"
"ERKEK",8808,2013,"Adalar"
"KADIN",7358,2013,"Adalar"
"ERKEK",8749,2014,"Adalar"
"KADIN",7303,2014,"Adalar"
"ERKEK",8549,2015,"Adalar"
"KADIN",7074,2015,"Adalar"
"ERKEK",7420,2016,"Adalar"
"KADIN",7058,2016,"Adalar"
"ERKEK",7848,2017,"Adalar"
"KADIN",7059,2017,"Adalar"
"ERKEK",8602,2018,"Adalar"
"KADIN",7517,2018,"Adalar"
"ERKEK",8046,2019,"Adalar"
"KADIN",7192,2019,"Adalar"
"ERKEK",8358,2020,"Adalar"
"KADIN",7675,2020,"Adalar"
"ERKEK",8419,2021,"Adalar"
"KADIN",7953,2021,"Adalar"
"ERKEK",7877,2022,"Adalar"
"KADIN",6889,2022,"Adalar"
"ERKEK",7877,2023,"Adalar"
"KADIN",6890,2023,"Adalar"
"ERKEK",7877,2024,"Adalar"
"KADIN",6890,2024,"Adalar"
"ERKEK",7877,2025,"Adalar"
"KADIN",6890,2025,"Adalar"
"ERKEK",7877,2026,"Adalar"
"KADIN",6890,2026,"Adalar"
"ERKEK",0,2007,"Arnavutköy"
"KADIN",0,2007,"Arnavutköy"
"ERKEK",84439,2008,"Arnavutköy"
"KADIN",79071,2008,"Arnavutköy"
"ERKEK",90710,2009,"Arnavutköy"
"KADIN",85161,2009,"Arnavutköy"
"ERKEK",96662,2010,"Arnavutköy"
"KADIN",91349,2010,"Arnavutköy"
"ERKEK",101960,2011,"Arnavutköy"
"KADIN",96270,2011,"Arnavutköy"
"ERKEK",105924,2012,"Arnavutköy"
"KADIN",100375,2012,"Arnavutköy"
"ERKEK",111294,2013,"Arnavutköy"
"KADIN",104237,2013,"Arnavutköy"
"ERKEK",116574,2014,"Arnavutköy"
"KADIN",109096,2014,"Arnavutköy"
"ERKEK",122073,2015,"Arnavutköy"
"KADIN",114149,2015,"Arnavutköy"
"ERKEK",128276,2016,"Arnavutköy"
"KADIN",119231,2016,"Arnavutköy"
"ERKEK",136170,2017,"Arnavutköy"
"KADIN",125485,2017,"Arnavutköy"
"ERKEK",140662,2018,"Arnavutköy"
"KADIN",129887,2018,"Arnavutköy"
"ERKEK",145619,2019,"Arnavutköy"
"KADIN",136869,2019,"Arnavutköy"
"ERKEK",152668,2020,"Arnavutköy"
"KADIN",144041,2020,"Arnavutköy"
"ERKEK",160540,2021,"Arnavutköy"
"KADIN",151483,2021,"Arnavutköy"
"ERKEK",110199,2022,"Arnavutköy"
"KADIN",103465,2022,"Arnavutköy"
"ERKEK",110272,2023,"Arnavutköy"
"KADIN",103533,2023,"Arnavutköy"
"ERKEK",110344,2024,"Arnavutköy"
"KADIN",103601,2024,"Arnavutköy"
"ERKEK",110272,2025,"Arnavutköy"
"KADIN",103533,2025,"Arnavutköy"
"ERKEK",110489,2026,"Arnavutköy"
"KADIN",103736,2026,"Arnavutköy"
"ERKEK",0,2007,"Ataşehir"
"KADIN",0,2007,"Ataşehir"
"ERKEK",175963,2008,"Ataşehir"
"KADIN",175083,2008,"Ataşehir"
"ERKEK",180803,2009,"Ataşehir"
"KADIN",180812,2009,"Ataşehir"
"ERKEK",187055,2010,"Ataşehir"
"KADIN",188153,2010,"Ataşehir"
"ERKEK",192451,2011,"Ataşehir"
"KADIN",195051,2011,"Ataşehir"
"ERKEK",196453,2012,"Ataşehir"
"KADIN",199305,2012,"Ataşehir"
"ERKEK",201532,2013,"Ataşehir"
"KADIN",204442,2013,"Ataşehir"
"ERKEK",202957,2014,"Ataşehir"
"KADIN",206029,2014,"Ataşehir"
"ERKEK",207390,2015,"Ataşehir"
"KADIN",211978,2015,"Ataşehir"
"ERKEK",208267,2016,"Ataşehir"
"KADIN",214246,2016,"Ataşehir"
"ERKEK",207851,2017,"Ataşehir"
"KADIN",215521,2017,"Ataşehir"
"ERKEK",203686,2018,"Ataşehir"
"KADIN",212632,2018,"Ataşehir"
"ERKEK",208469,2019,"Ataşehir"
"KADIN",216625,2019,"Ataşehir"
"ERKEK",207697,2020,"Ataşehir"
"KADIN",214897,2020,"Ataşehir"
"ERKEK",209502,2021,"Ataşehir"
"KADIN",217715,2021,"Ataşehir"
"ERKEK",183489,2022,"Ataşehir"
"KADIN",187197,2022,"Ataşehir"
"ERKEK",183555,2023,"Ataşehir"
"KADIN",187270,2023,"Ataşehir"
"ERKEK",183621,2024,"Ataşehir"
"KADIN",187342,2024,"Ataşehir"
"ERKEK",183555,2025,"Ataşehir"
"KADIN",187270,2025,"Ataşehir"
"ERKEK",183753,2026,"Ataşehir"
"KADIN",187487,2026,"Ataşehir"
"ERKEK",162132,2007,"Avcılar"
"KADIN",161464,2007,"Avcılar"
"ERKEK",168357,2008,"Avcılar"
"KADIN",165587,2008,"Avcılar"
"ERKEK",175608,2009,"Avcılar"
"KADIN",173027,2009,"Avcılar"
"ERKEK",183392,2010,"Avcılar"
"KADIN",181290,2010,"Avcılar"
"ERKEK",193127,2011,"Avcılar"
"KADIN",190609,2011,"Avcılar"
"ERKEK",198533,2012,"Avcılar"
"KADIN",196741,2012,"Avcılar"
"ERKEK",204904,2013,"Avcılar"
"KADIN",202336,2013,"Avcılar"
"ERKEK",210136,2014,"Avcılar"
"KADIN",207716,2014,"Avcılar"
"ERKEK",213765,2015,"Avcılar"
"KADIN",211463,2015,"Avcılar"
"ERKEK",216173,2016,"Avcılar"
"KADIN",214597,2016,"Avcılar"
"ERKEK",217896,2017,"Avcılar"
"KADIN",217786,2017,"Avcılar"
"ERKEK",217653,2018,"Avcılar"
"KADIN",217972,2018,"Avcılar"
"ERKEK",225530,2019,"Avcılar"
"KADIN",223352,2019,"Avcılar"
"ERKEK",219428,2020,"Avcılar"
"KADIN",217469,2020,"Avcılar"
"ERKEK",230029,2021,"Avcılar"
"KADIN",227952,2021,"Avcılar"
"ERKEK",200581,2022,"Avcılar"
"KADIN",198579,2022,"Avcılar"
"ERKEK",200624,2023,"Avcılar"
"KADIN",198622,2023,"Avcılar"
"ERKEK",200667,2024,"Avcılar"
"KADIN",198665,2024,"Avcılar"
"ERKEK",200624,2025,"Avcılar"
"KADIN",198622,2025,"Avcılar"
"ERKEK",200753,2026,"Avcılar"
"KADIN",198752,2026,"Avcılar"
"ERKEK",283805,2007,"Bahçelievler"
"KADIN",287906,2007,"Bahçelievler"
"ERKEK",285794,2008,"Bahçelievler"
"KADIN",285889,2008,"Bahçelievler"
"ERKEK",288675,2009,"Bahçelievler"
"KADIN",288124,2009,"Bahçelievler"
"ERKEK",295269,2010,"Bahçelievler"
"KADIN",294794,2010,"Bahçelievler"
"ERKEK",301268,2011,"Bahçelievler"
"KADIN",299632,2011,"Bahçelievler"
"ERKEK",301066,2012,"Bahçelievler"
"KADIN",299096,2012,"Bahçelievler"
"ERKEK",303081,2013,"Bahçelievler"
"KADIN",299850,2013,"Bahçelievler"
"ERKEK",301031,2014,"Bahçelievler"
"KADIN",297996,2014,"Bahçelievler"
"ERKEK",302691,2015,"Bahçelievler"
"KADIN",299349,2015,"Bahçelievler"
"ERKEK",300705,2016,"Bahçelievler"
"KADIN",297392,2016,"Bahçelievler"
"ERKEK",300064,2017,"Bahçelievler"
"KADIN",298390,2017,"Bahçelievler"
"ERKEK",298175,2018,"Bahçelievler"
"KADIN",295878,2018,"Bahçelievler"
"ERKEK",309450,2019,"Bahçelievler"
"KADIN",301609,2019,"Bahçelievler"
"ERKEK",298341,2020,"Bahçelievler"
"KADIN",294030,2020,"Bahçelievler"
"ERKEK",305869,2021,"Bahçelievler"
"KADIN",299431,2021,"Bahçelievler"
"ERKEK",298282,2022,"Bahçelievler"
"KADIN",295905,2022,"Bahçelievler"
"ERKEK",298293,2023,"Bahçelievler"
"KADIN",295911,2023,"Bahçelievler"
"ERKEK",298305,2024,"Bahçelievler"
"KADIN",295917,2024,"Bahçelievler"
"ERKEK",298293,2025,"Bahçelievler"
"KADIN",295911,2025,"Bahçelievler"
"ERKEK",298327,2026,"Bahçelievler"
"KADIN",295929,2026,"Bahçelievler"
"ERKEK",102465,2007,"Bakırköy"
"KADIN",112356,2007,"Bakırköy"
"ERKEK",103174,2008,"Bakırköy"
"KADIN",111636,2008,"Bakırköy"
"ERKEK",104312,2009,"Bakırköy"
"KADIN",114040,2009,"Bakırköy"
"ERKEK",103881,2010,"Bakırköy"
"KADIN",115264,2010,"Bakırköy"
"ERKEK",104532,2011,"Bakırköy"
"KADIN",116131,2011,"Bakırköy"
"ERKEK",104924,2012,"Bakırköy"
"KADIN",116412,2012,"Bakırköy"
"ERKEK",104526,2013,"Bakırköy"
"KADIN",116448,2013,"Bakırköy"
"ERKEK",104671,2014,"Bakırköy"
"KADIN",116923,2014,"Bakırköy"
"ERKEK",105257,2015,"Bakırköy"
"KADIN",117991,2015,"Bakırköy"
"ERKEK",104439,2016,"Bakırköy"
"KADIN",117998,2016,"Bakırköy"
"ERKEK",104052,2017,"Bakırköy"
"KADIN",118318,2017,"Bakırköy"
"ERKEK",103677,2018,"Bakırköy"
"KADIN",118991,2018,"Bakırköy"
"ERKEK",107348,2019,"Bakırköy"
"KADIN",121891,2019,"Bakırköy"
"ERKEK",105741,2020,"Bakırköy"
"KADIN",120488,2020,"Bakırköy"
"ERKEK",106582,2021,"Bakırköy"
"KADIN",122177,2021,"Bakırköy"
"ERKEK",104739,2022,"Bakırköy"
"KADIN",116976,2022,"Bakırköy"
"ERKEK",104740,2023,"Bakırköy"
"KADIN",116981,2023,"Bakırköy"
"ERKEK",104742,2024,"Bakırköy"
"KADIN",116987,2024,"Bakırköy"
"ERKEK",104740,2025,"Bakırköy"
"KADIN",116981,2025,"Bakırköy"
"ERKEK",104744,2026,"Bakırköy"
"KADIN",116998,2026,"Bakırköy"
"ERKEK",138295,2007,"Bayrampaşa"
"KADIN",133901,2007,"Bayrampaşa"
"ERKEK",135537,2008,"Bayrampaşa"
"KADIN",132739,2008,"Bayrampaşa"
"ERKEK",136358,2009,"Bayrampaşa"
"KADIN",133067,2009,"Bayrampaşa"
"ERKEK",136166,2010,"Bayrampaşa"
"KADIN",133315,2010,"Bayrampaşa"
"ERKEK",136349,2011,"Bayrampaşa"
"KADIN",133360,2011,"Bayrampaşa"
"ERKEK",136471,2012,"Bayrampaşa"
"KADIN",133303,2012,"Bayrampaşa"
"ERKEK",135841,2013,"Bayrampaşa"
"KADIN",133836,2013,"Bayrampaşa"
"ERKEK",135935,2014,"Bayrampaşa"
"KADIN",133874,2014,"Bayrampaşa"
"ERKEK",137331,2015,"Bayrampaşa"
"KADIN",135043,2015,"Bayrampaşa"
"ERKEK",137501,2016,"Bayrampaşa"
"KADIN",135647,2016,"Bayrampaşa"
"ERKEK",137673,2017,"Bayrampaşa"
"KADIN",136524,2017,"Bayrampaşa"
"ERKEK",135907,2018,"Bayrampaşa"
"KADIN",135166,2018,"Bayrampaşa"
"ERKEK",138376,2019,"Bayrampaşa"
"KADIN",136359,2019,"Bayrampaşa"
"ERKEK",135664,2020,"Bayrampaşa"
"KADIN",134286,2020,"Bayrampaşa"
"ERKEK",138461,2021,"Bayrampaşa"
"KADIN",136423,2021,"Bayrampaşa"
"ERKEK",136804,2022,"Bayrampaşa"
"KADIN",134320,2022,"Bayrampaşa"
"ERKEK",136804,2023,"Bayrampaşa"
"KADIN",134322,2023,"Bayrampaşa"
"ERKEK",136804,2024,"Bayrampaşa"
"KADIN",134323,2024,"Bayrampaşa"
"ERKEK",136804,2025,"Bayrampaşa"
"KADIN",134322,2025,"Bayrampaşa"
"ERKEK",136804,2026,"Bayrampaşa"
"KADIN",134325,2026,"Bayrampaşa"
"ERKEK",364380,2007,"Bağcılar"
"KADIN",354887,2007,"Bağcılar"
"ERKEK",367054,2008,"Bağcılar"
"KADIN",353765,2008,"Bağcılar"
"ERKEK",368846,2009,"Bağcılar"
"KADIN",355422,2009,"Bağcılar"
"ERKEK",375923,2010,"Bağcılar"
"KADIN",362886,2010,"Bağcılar"
"ERKEK",380087,2011,"Bağcılar"
"KADIN",366563,2011,"Bağcılar"
"ERKEK",381307,2012,"Bağcılar"
"KADIN",367717,2012,"Bağcılar"
"ERKEK",383495,2013,"Bağcılar"
"KADIN",368755,2013,"Bağcılar"
"ERKEK",384665,2014,"Bağcılar"
"KADIN",369958,2014,"Bağcılar"
"ERKEK",385909,2015,"Bağcılar"
"KADIN",371253,2015,"Bağcılar"
"ERKEK",382698,2016,"Bağcılar"
"KADIN",368812,2016,"Bağcılar"
"ERKEK",380257,2017,"Bağcılar"
"KADIN",368226,2017,"Bağcılar"
"ERKEK",372311,2018,"Bağcılar"
"KADIN",362058,2018,"Bağcılar"
"ERKEK",378676,2019,"Bağcılar"
"KADIN",366449,2019,"Bağcılar"
"ERKEK",374475,2020,"Bağcılar"
"KADIN",362731,2020,"Bağcılar"
"ERKEK",378073,2021,"Bağcılar"
"KADIN",366278,2021,"Bağcılar"
"ERKEK",377216,2022,"Bağcılar"
"KADIN",364275,2022,"Bağcılar"
"ERKEK",377222,2023,"Bağcılar"
"KADIN",364281,2023,"Bağcılar"
"ERKEK",377228,2024,"Bağcılar"
"KADIN",364287,2024,"Bağcılar"
"ERKEK",377222,2025,"Bağcılar"
"KADIN",364281,2025,"Bağcılar"
"ERKEK",377240,2026,"Bağcılar"
"KADIN",364300,2026,"Bağcılar"
"ERKEK",0,2007,"Başakşehir"
"KADIN",0,2007,"Başakşehir"
"ERKEK",105220,2008,"Başakşehir"
"KADIN",102322,2008,"Başakşehir"
"ERKEK",114601,2009,"Başakşehir"
"KADIN",111786,2009,"Başakşehir"
"ERKEK",125412,2010,"Başakşehir"
"KADIN",123055,2010,"Başakşehir"
"ERKEK",143461,2011,"Başakşehir"
"KADIN",141027,2011,"Başakşehir"
"ERKEK",158992,2012,"Başakşehir"
"KADIN",157184,2012,"Başakşehir"
"ERKEK",167659,2013,"Başakşehir"
"KADIN",165388,2013,"Başakşehir"
"ERKEK",172273,2014,"Başakşehir"
"KADIN",170149,2014,"Başakşehir"
"ERKEK",177779,2015,"Başakşehir"
"KADIN",175532,2015,"Başakşehir"
"ERKEK",186233,2016,"Başakşehir"
"KADIN",183577,2016,"Başakşehir"
"ERKEK",199235,2017,"Başakşehir"
"KADIN",197494,2017,"Başakşehir"
"ERKEK",215652,2018,"Başakşehir"
"KADIN",212183,2018,"Başakşehir"
"ERKEK",232277,2019,"Başakşehir"
"KADIN",227982,2019,"Başakşehir"
"ERKEK",236589,2020,"Başakşehir"
"KADIN",233335,2020,"Başakşehir"
"ERKEK",252731,2021,"Başakşehir"
"KADIN",250512,2021,"Başakşehir"
"ERKEK",161557,2022,"Başakşehir"
"KADIN",159206,2022,"Başakşehir"
"ERKEK",161685,2023,"Başakşehir"
"KADIN",159333,2023,"Başakşehir"
"ERKEK",161812,2024,"Başakşehir"
"KADIN",159459,2024,"Başakşehir"
"ERKEK",161685,2025,"Başakşehir"
"KADIN",159333,2025,"Başakşehir"
"ERKEK",162067,2026,"Başakşehir"
"KADIN",159712,2026,"Başakşehir"
"ERKEK",121556,2007,"Beykoz"
"KADIN",120277,2007,"Beykoz"
"ERKEK",123288,2008,"Beykoz"
"KADIN",120166,2008,"Beykoz"
"ERKEK",122888,2009,"Beykoz"
"KADIN",121249,2009,"Beykoz"
"ERKEK",123438,2010,"Beykoz"
"KADIN",122698,2010,"Beykoz"
"ERKEK",124348,2011,"Beykoz"
"KADIN",122936,2011,"Beykoz"
"ERKEK",123787,2012,"Beykoz"
"KADIN",122565,2012,"Beykoz"
"ERKEK",124610,2013,"Beykoz"
"KADIN",123446,2013,"Beykoz"
"ERKEK",123977,2014,"Beykoz"
"KADIN",124094,2014,"Beykoz"
"ERKEK",124563,2015,"Beykoz"
"KADIN",125164,2015,"Beykoz"
"ERKEK",124209,2016,"Beykoz"
"KADIN",126201,2016,"Beykoz"
"ERKEK",124611,2017,"Beykoz"
"KADIN",126476,2017,"Beykoz"
"ERKEK",122109,2018,"Beykoz"
"KADIN",124591,2018,"Beykoz"
"ERKEK",123129,2019,"Beykoz"
"KADIN",125131,2019,"Beykoz"
"ERKEK",122425,2020,"Beykoz"
"KADIN",123685,2020,"Beykoz"
"ERKEK",122991,2021,"Beykoz"
"KADIN",125604,2021,"Beykoz"
"ERKEK",123509,2022,"Beykoz"
"KADIN",123367,2022,"Beykoz"
"ERKEK",123509,2023,"Beykoz"
"KADIN",123369,2023,"Beykoz"
"ERKEK",123509,2024,"Beykoz"
"KADIN",123372,2024,"Beykoz"
"ERKEK",123509,2025,"Beykoz"
"KADIN",123369,2025,"Beykoz"
"ERKEK",123509,2026,"Beykoz"
"KADIN",123377,2026,"Beykoz"
"ERKEK",0,2007,"Beylikdüzü"
"KADIN",0,2007,"Beylikdüzü"
"ERKEK",92277,2008,"Beylikdüzü"
"KADIN",93356,2008,"Beylikdüzü"
"ERKEK",96016,2009,"Beylikdüzü"
"KADIN",97956,2009,"Beylikdüzü"
"ERKEK",101119,2010,"Beylikdüzü"
"KADIN",103754,2010,"Beylikdüzü"
"ERKEK",107439,2011,"Beylikdüzü"
"KADIN",110681,2011,"Beylikdüzü"
"ERKEK",112582,2012,"Beylikdüzü"
"KADIN",116533,2012,"Beylikdüzü"
"ERKEK",120120,2013,"Beylikdüzü"
"KADIN",124640,2013,"Beylikdüzü"
"ERKEK",128714,2014,"Beylikdüzü"
"KADIN",133759,2014,"Beylikdüzü"
"ERKEK",137341,2015,"Beylikdüzü"
"KADIN",142658,2015,"Beylikdüzü"
"ERKEK",145555,2016,"Beylikdüzü"
"KADIN",151865,2016,"Beylikdüzü"
"ERKEK",153668,2017,"Beylikdüzü"
"KADIN",161002,2017,"Beylikdüzü"
"ERKEK",161876,2018,"Beylikdüzü"
"KADIN",169649,2018,"Beylikdüzü"
"ERKEK",172298,2019,"Beylikdüzü"
"KADIN",180114,2019,"Beylikdüzü"
"ERKEK",178615,2020,"Beylikdüzü"
"KADIN",186957,2020,"Beylikdüzü"
"ERKEK",194742,2021,"Beylikdüzü"
"KADIN",203380,2021,"Beylikdüzü"
"ERKEK",123470,2022,"Beylikdüzü"
"KADIN",128123,2022,"Beylikdüzü"
"ERKEK",123563,2023,"Beylikdüzü"
"KADIN",128222,2023,"Beylikdüzü"
"ERKEK",123655,2024,"Beylikdüzü"
"KADIN",128320,2024,"Beylikdüzü"
"ERKEK",123563,2025,"Beylikdüzü"
"KADIN",128222,2025,"Beylikdüzü"
"ERKEK",123840,2026,"Beylikdüzü"
"KADIN",128517,2026,"Beylikdüzü"
"ERKEK",124580,2007,"Beyoğlu"
"KADIN",122676,2007,"Beyoğlu"
"ERKEK",124701,2008,"Beyoğlu"
"KADIN",120363,2008,"Beyoğlu"
"ERKEK",124038,2009,"Beyoğlu"
"KADIN",120478,2009,"Beyoğlu"
"ERKEK",126074,2010,"Beyoğlu"
"KADIN",122010,2010,"Beyoğlu"
"ERKEK",126468,2011,"Beyoğlu"
"KADIN",121738,2011,"Beyoğlu"
"ERKEK",125983,2012,"Beyoğlu"
"KADIN",120169,2012,"Beyoğlu"
"ERKEK",126062,2013,"Beyoğlu"
"KADIN",119157,2013,"Beyoğlu"
"ERKEK",123863,2014,"Beyoğlu"
"KADIN",117657,2014,"Beyoğlu"
"ERKEK",124594,2015,"Beyoğlu"
"KADIN",117656,2015,"Beyoğlu"
"ERKEK",122559,2016,"Beyoğlu"
"KADIN",116203,2016,"Beyoğlu"
"ERKEK",121328,2017,"Beyoğlu"
"KADIN",115278,2017,"Beyoğlu"
"ERKEK",118273,2018,"Beyoğlu"
"KADIN",112253,2018,"Beyoğlu"
"ERKEK",120368,2019,"Beyoğlu"
"KADIN",112955,2019,"Beyoğlu"
"ERKEK",116771,2020,"Beyoğlu"
"KADIN",109625,2020,"Beyoğlu"
"ERKEK",120151,2021,"Beyoğlu"
"KADIN",113171,2021,"Beyoğlu"
"ERKEK",123428,2022,"Beyoğlu"
"KADIN",117860,2022,"Beyoğlu"
"ERKEK",123424,2023,"Beyoğlu"
"KADIN",117854,2023,"Beyoğlu"
"ERKEK",123420,2024,"Beyoğlu"
"KADIN",117847,2024,"Beyoğlu"
"ERKEK",123424,2025,"Beyoğlu"
"KADIN",117854,2025,"Beyoğlu"
"ERKEK",123413,2026,"Beyoğlu"
"KADIN",117833,2026,"Beyoğlu"
"ERKEK",90850,2007,"Beşiktaş"
"KADIN",100663,2007,"Beşiktaş"
"ERKEK",87427,2008,"Beşiktaş"
"KADIN",97946,2008,"Beşiktaş"
"ERKEK",87483,2009,"Beşiktaş"
"KADIN",97571,2009,"Beşiktaş"
"ERKEK",86786,2010,"Beşiktaş"
"KADIN",97604,2010,"Beşiktaş"
"ERKEK",87612,2011,"Beşiktaş"
"KADIN",99441,2011,"Beşiktaş"
"ERKEK",87033,2012,"Beşiktaş"
"KADIN",99034,2012,"Beşiktaş"
"ERKEK",86989,2013,"Beşiktaş"
"KADIN",99581,2013,"Beşiktaş"
"ERKEK",88207,2014,"Beşiktaş"
"KADIN",100586,2014,"Beşiktaş"
"ERKEK",88640,2015,"Beşiktaş"
"KADIN",101393,2015,"Beşiktaş"
"ERKEK",87823,2016,"Beşiktaş"
"KADIN",101533,2016,"Beşiktaş"
"ERKEK",85134,2017,"Beşiktaş"
"KADIN",100313,2017,"Beşiktaş"
"ERKEK",82810,2018,"Beşiktaş"
"KADIN",98264,2018,"Beşiktaş"
"ERKEK",83983,2019,"Beşiktaş"
"KADIN",98666,2019,"Beşiktaş"
"ERKEK",80715,2020,"Beşiktaş"
"KADIN",95798,2020,"Beşiktaş"
"ERKEK",81777,2021,"Beşiktaş"
"KADIN",97161,2021,"Beşiktaş"
"ERKEK",86324,2022,"Beşiktaş"
"KADIN",98904,2022,"Beşiktaş"
"ERKEK",86320,2023,"Beşiktaş"
"KADIN",98904,2023,"Beşiktaş"
"ERKEK",86317,2024,"Beşiktaş"
"KADIN",98904,2024,"Beşiktaş"
"ERKEK",86320,2025,"Beşiktaş"
"KADIN",98904,2025,"Beşiktaş"
"ERKEK",86309,2026,"Beşiktaş"
"KADIN",98904,2026,"Beşiktaş"
"ERKEK",346756,2007,"Büyükçekmece"
"KADIN",342018,2007,"Büyükçekmece"
"ERKEK",82412,2008,"Büyükçekmece"
"KADIN",80728,2008,"Büyükçekmece"
"ERKEK",86229,2009,"Büyükçekmece"
"KADIN",84993,2009,"Büyükçekmece"
"ERKEK",91414,2010,"Büyükçekmece"
"KADIN",90603,2010,"Büyükçekmece"
"ERKEK",96789,2011,"Büyükçekmece"
"KADIN",96054,2011,"Büyükçekmece"
"ERKEK",100501,2012,"Büyükçekmece"
"KADIN",100576,2012,"Büyükçekmece"
"ERKEK",105500,2013,"Büyükçekmece"
"KADIN",105500,2013,"Büyükçekmece"
"ERKEK",111134,2014,"Büyükçekmece"
"KADIN",112190,2014,"Büyükçekmece"
"ERKEK",115215,2015,"Büyükçekmece"
"KADIN",115849,2015,"Büyükçekmece"
"ERKEK",117960,2016,"Büyükçekmece"
"KADIN",119225,2016,"Büyükçekmece"
"ERKEK",120833,2017,"Büyükçekmece"
"KADIN",122641,2017,"Büyükçekmece"
"ERKEK",122755,2018,"Büyükçekmece"
"KADIN",124981,2018,"Büyükçekmece"
"ERKEK",125886,2019,"Büyükçekmece"
"KADIN",128217,2019,"Büyükçekmece"
"ERKEK",127461,2020,"Büyükçekmece"
"KADIN",129901,2020,"Büyükçekmece"
"ERKEK",133114,2021,"Büyükçekmece"
"KADIN",136046,2021,"Büyükçekmece"
"ERKEK",126176,2022,"Büyükçekmece"
"KADIN",126369,2022,"Büyükçekmece"
"ERKEK",126149,2023,"Büyükçekmece"
"KADIN",126346,2023,"Büyükçekmece"
"ERKEK",126122,2024,"Büyükçekmece"
"KADIN",126323,2024,"Büyükçekmece"
"ERKEK",126149,2025,"Büyükçekmece"
"KADIN",126346,2025,"Büyükçekmece"
"ERKEK",126068,2026,"Büyükçekmece"
"KADIN",126278,2026,"Büyükçekmece"
"ERKEK",264372,2007,"Esenler"
"KADIN",252863,2007,"Esenler"
"ERKEK",238883,2008,"Esenler"
"KADIN",225674,2008,"Esenler"
"ERKEK",235821,2009,"Esenler"
"KADIN",224159,2009,"Esenler"
"ERKEK",235602,2010,"Esenler"
"KADIN",225470,2010,"Esenler"
"ERKEK",236162,2011,"Esenler"
"KADIN",225220,2011,"Esenler"
"ERKEK",234995,2012,"Esenler"
"KADIN",223699,2012,"Esenler"
"ERKEK",237931,2013,"Esenler"
"KADIN",223690,2013,"Esenler"
"ERKEK",236582,2014,"Esenler"
"KADIN",222275,2014,"Esenler"
"ERKEK",237018,2015,"Esenler"
"KADIN",222965,2015,"Esenler"
"ERKEK",235131,2016,"Esenler"
"KADIN",222100,2016,"Esenler"
"ERKEK",233416,2017,"Esenler"
"KADIN",221153,2017,"Esenler"
"ERKEK",227440,2018,"Esenler"
"KADIN",217121,2018,"Esenler"
"ERKEK",231039,2019,"Esenler"
"KADIN",219305,2019,"Esenler"
"ERKEK",229277,2020,"Esenler"
"KADIN",216999,2020,"Esenler"
"ERKEK",230017,2021,"Esenler"
"KADIN",217099,2021,"Esenler"
"ERKEK",236916,2022,"Esenler"
"KADIN",224561,2022,"Esenler"
"ERKEK",236906,2023,"Esenler"
"KADIN",224549,2023,"Esenler"
"ERKEK",236895,2024,"Esenler"
"KADIN",224538,2024,"Esenler"
"ERKEK",236906,2025,"Esenler"
"KADIN",224549,2025,"Esenler"
"ERKEK",236873,2026,"Esenler"
"KADIN",224514,2026,"Esenler"
"ERKEK",0,2007,"Esenyurt"
"KADIN",0,2007,"Esenyurt"
"ERKEK",191646,2008,"Esenyurt"
"KADIN",181371,2008,"Esenyurt"
"ERKEK",207482,2009,"Esenyurt"
"KADIN",196413,2009,"Esenyurt"
"ERKEK",229458,2010,"Esenyurt"
"KADIN",217319,2010,"Esenyurt"
"ERKEK",256793,2011,"Esenyurt"
"KADIN",243234,2011,"Esenyurt"
"ERKEK",284209,2012,"Esenyurt"
"KADIN",269160,2012,"Esenyurt"
"ERKEK",320980,2013,"Esenyurt"
"KADIN",303753,2013,"Esenyurt"
"ERKEK",352655,2014,"Esenyurt"
"KADIN",334313,2014,"Esenyurt"
"ERKEK",381508,2015,"Esenyurt"
"KADIN",361302,2015,"Esenyurt"
"ERKEK",408516,2016,"Esenyurt"
"KADIN",386494,2016,"Esenyurt"
"ERKEK",434085,2017,"Esenyurt"
"KADIN",412407,2017,"Esenyurt"
"ERKEK",456552,2018,"Esenyurt"
"KADIN",434568,2018,"Esenyurt"
"ERKEK",492456,2019,"Esenyurt"
"KADIN",462123,2019,"Esenyurt"
"ERKEK",491843,2020,"Esenyurt"
"KADIN",465555,2020,"Esenyurt"
"ERKEK",500994,2021,"Esenyurt"
"KADIN",476495,2021,"Esenyurt"
"ERKEK",321199,2022,"Esenyurt"
"KADIN",304095,2022,"Esenyurt"
"ERKEK",321485,2023,"Esenyurt"
"KADIN",304365,2023,"Esenyurt"
"ERKEK",321771,2024,"Esenyurt"
"KADIN",304636,2024,"Esenyurt"
"ERKEK",321485,2025,"Esenyurt"
"KADIN",304365,2025,"Esenyurt"
"ERKEK",322343,2026,"Esenyurt"
"KADIN",305178,2026,"Esenyurt"
"ERKEK",163926,2007,"Eyüpsultan"
"KADIN",161606,2007,"Eyüpsultan"
"ERKEK",163065,2008,"Eyüpsultan"
"KADIN",159973,2008,"Eyüpsultan"
"ERKEK",167268,2009,"Eyüpsultan"
"KADIN",164280,2009,"Eyüpsultan"
"ERKEK",169982,2010,"Eyüpsultan"
"KADIN",168347,2010,"Eyüpsultan"
"ERKEK",174009,2011,"Eyüpsultan"
"KADIN",171781,2011,"Eyüpsultan"
"ERKEK",181172,2012,"Eyüpsultan"
"KADIN",175340,2012,"Eyüpsultan"
"ERKEK",182366,2013,"Eyüpsultan"
"KADIN",179165,2013,"Eyüpsultan"
"ERKEK",185182,2014,"Eyüpsultan"
"KADIN",182642,2014,"Eyüpsultan"
"ERKEK",189387,2015,"Eyüpsultan"
"KADIN",186022,2015,"Eyüpsultan"
"ERKEK",190455,2016,"Eyüpsultan"
"KADIN",187195,2016,"Eyüpsultan"
"ERKEK",191653,2017,"Eyüpsultan"
"KADIN",189461,2017,"Eyüpsultan"
"ERKEK",191951,2018,"Eyüpsultan"
"KADIN",191958,2018,"Eyüpsultan"
"ERKEK",200545,2019,"Eyüpsultan"
"KADIN",199968,2019,"Eyüpsultan"
"ERKEK",203218,2020,"Eyüpsultan"
"KADIN",202627,2020,"Eyüpsultan"
"ERKEK",208754,2021,"Eyüpsultan"
"KADIN",208606,2021,"Eyüpsultan"
"ERKEK",183372,2022,"Eyüpsultan"
"KADIN",181024,2022,"Eyüpsultan"
"ERKEK",183402,2023,"Eyüpsultan"
"KADIN",181056,2023,"Eyüpsultan"
"ERKEK",183432,2024,"Eyüpsultan"
"KADIN",181087,2024,"Eyüpsultan"
"ERKEK",183402,2025,"Eyüpsultan"
"KADIN",181056,2025,"Eyüpsultan"
"ERKEK",183492,2026,"Eyüpsultan"
"KADIN",181151,2026,"Eyüpsultan"
"ERKEK",225571,2007,"Fatih"
"KADIN",229927,2007,"Fatih"
"ERKEK",221431,2008,"Fatih"
"KADIN",222524,2008,"Fatih"
"ERKEK",215326,2009,"Fatih"
"KADIN",218470,2009,"Fatih"
"ERKEK",213730,2010,"Fatih"
"KADIN",217417,2010,"Fatih"
"ERKEK",212894,2011,"Fatih"
"KADIN",216457,2011,"Fatih"
"ERKEK",212620,2012,"Fatih"
"KADIN",216237,2012,"Fatih"
"ERKEK",212114,2013,"Fatih"
"KADIN",213761,2013,"Fatih"
"ERKEK",208242,2014,"Fatih"
"KADIN",211024,2014,"Fatih"
"ERKEK",208295,2015,"Fatih"
"KADIN",211050,2015,"Fatih"
"ERKEK",207477,2016,"Fatih"
"KADIN",209808,2016,"Fatih"
"ERKEK",217501,2017,"Fatih"
"KADIN",216372,2017,"Fatih"
"ERKEK",221118,2018,"Fatih"
"KADIN",215421,2018,"Fatih"
"ERKEK",225356,2019,"Fatih"
"KADIN",217734,2019,"Fatih"
"ERKEK",199149,2020,"Fatih"
"KADIN",197445,2020,"Fatih"
"ERKEK",190991,2021,"Fatih"
"KADIN",191999,2021,"Fatih"
"ERKEK",212463,2022,"Fatih"
"KADIN",213748,2022,"Fatih"
"ERKEK",212452,2023,"Fatih"
"KADIN",213733,2023,"Fatih"
"ERKEK",212442,2024,"Fatih"
"KADIN",213718,2024,"Fatih"
"ERKEK",212452,2025,"Fatih"
"KADIN",213733,2025,"Fatih"
"ERKEK",212420,2026,"Fatih"
"KADIN",213687,2026,"Fatih"
"ERKEK",512842,2007,"Gaziosmanpaşa"
"KADIN",500206,2007,"Gaziosmanpaşa"
"ERKEK",232268,2008,"Gaziosmanpaşa"
"KADIN",228407,2008,"Gaziosmanpaşa"
"ERKEK",232428,2009,"Gaziosmanpaşa"
"KADIN",228802,2009,"Gaziosmanpaşa"
"ERKEK",238849,2010,"Gaziosmanpaşa"
"KADIN",235410,2010,"Gaziosmanpaşa"
"ERKEK",243011,2011,"Gaziosmanpaşa"
"KADIN",239542,2011,"Gaziosmanpaşa"
"ERKEK",246029,2012,"Gaziosmanpaşa"
"KADIN",242229,2012,"Gaziosmanpaşa"
"ERKEK",249808,2013,"Gaziosmanpaşa"
"KADIN",245198,2013,"Gaziosmanpaşa"
"ERKEK",251234,2014,"Gaziosmanpaşa"
"KADIN",246886,2014,"Gaziosmanpaşa"
"ERKEK",253090,2015,"Gaziosmanpaşa"
"KADIN",248456,2015,"Gaziosmanpaşa"
"ERKEK",252018,2016,"Gaziosmanpaşa"
"KADIN",247748,2016,"Gaziosmanpaşa"
"ERKEK",250431,2017,"Gaziosmanpaşa"
"KADIN",247528,2017,"Gaziosmanpaşa"
"ERKEK",244474,2018,"Gaziosmanpaşa"
"KADIN",242572,2018,"Gaziosmanpaşa"
"ERKEK",247455,2019,"Gaziosmanpaşa"
"KADIN",244507,2019,"Gaziosmanpaşa"
"ERKEK",244783,2020,"Gaziosmanpaşa"
"KADIN",242995,2020,"Gaziosmanpaşa"
"ERKEK",247587,2021,"Gaziosmanpaşa"
"KADIN",245509,2021,"Gaziosmanpaşa"
"ERKEK",264897,2022,"Gaziosmanpaşa"
"KADIN",260760,2022,"Gaziosmanpaşa"
"ERKEK",264841,2023,"Gaziosmanpaşa"
"KADIN",260708,2023,"Gaziosmanpaşa"
"ERKEK",264785,2024,"Gaziosmanpaşa"
"KADIN",260655,2024,"Gaziosmanpaşa"
"ERKEK",264841,2025,"Gaziosmanpaşa"
"KADIN",260708,2025,"Gaziosmanpaşa"
"ERKEK",264674,2026,"Gaziosmanpaşa"
"KADIN",260550,2026,"Gaziosmanpaşa"
"ERKEK",158823,2007,"Güngören"
"KADIN",159722,2007,"Güngören"
"ERKEK",157336,2008,"Güngören"
"KADIN",156935,2008,"Güngören"
"ERKEK",156069,2009,"Güngören"
"KADIN",155603,2009,"Güngören"
"ERKEK",154748,2010,"Güngören"
"KADIN",154876,2010,"Güngören"
"ERKEK",154722,2011,"Güngören"
"KADIN",154413,2011,"Güngören"
"ERKEK",153998,2012,"Güngören"
"KADIN",153575,2012,"Güngören"
"ERKEK",153702,2013,"Güngören"
"KADIN",153152,2013,"Güngören"
"ERKEK",151844,2014,"Güngören"
"KADIN",151527,2014,"Güngören"
"ERKEK",152219,2015,"Güngören"
"KADIN",149847,2015,"Güngören"
"ERKEK",150297,2016,"Güngören"
"KADIN",148212,2016,"Güngören"
"ERKEK",149823,2017,"Güngören"
"KADIN",147144,2017,"Güngören"
"ERKEK",145936,2018,"Güngören"
"KADIN",143395,2018,"Güngören"
"ERKEK",146423,2019,"Güngören"
"KADIN",143018,2019,"Güngören"
"ERKEK",141446,2020,"Güngören"
"KADIN",138853,2020,"Güngören"
"ERKEK",143719,2021,"Güngören"
"KADIN",139364,2021,"Güngören"
"ERKEK",151834,2022,"Güngören"
"KADIN",150513,2022,"Güngören"
"ERKEK",151824,2023,"Güngören"
"KADIN",150500,2023,"Güngören"
"ERKEK",151815,2024,"Güngören"
"KADIN",150488,2024,"Güngören"
"ERKEK",151824,2025,"Güngören"
"KADIN",150500,2025,"Güngören"
"ERKEK",151796,2026,"Güngören"
"KADIN",150463,2026,"Güngören"
"ERKEK",351342,2007,"Kadıköy"
"KADIN",393328,2007,"Kadıköy"
"ERKEK",247593,2008,"Kadıköy"
"KADIN",285859,2008,"Kadıköy"
"ERKEK",244460,2009,"Kadıköy"
"KADIN",284731,2009,"Kadıköy"
"ERKEK",245875,2010,"Kadıköy"
"KADIN",286960,2010,"Kadıköy"
"ERKEK",244757,2011,"Kadıköy"
"KADIN",287240,2011,"Kadıköy"
"ERKEK",238288,2012,"Kadıköy"
"KADIN",282717,2012,"Kadıköy"
"ERKEK",231009,2013,"Kadıköy"
"KADIN",275284,2013,"Kadıköy"
"ERKEK",219715,2014,"Kadıköy"
"KADIN",262856,2014,"Kadıköy"
"ERKEK",211394,2015,"Kadıköy"
"KADIN",254560,2015,"Kadıköy"
"ERKEK",204382,2016,"Kadıköy"
"KADIN",247920,2016,"Kadıköy"
"ERKEK",203576,2017,"Kadıköy"
"KADIN",247877,2017,"Kadıköy"
"ERKEK",207069,2018,"Kadıköy"
"KADIN",251569,2018,"Kadıköy"
"ERKEK",218465,2019,"Kadıköy"
"KADIN",264248,2019,"Kadıköy"
"ERKEK",218424,2020,"Kadıköy"
"KADIN",263559,2020,"Kadıköy"
"ERKEK",218661,2021,"Kadıköy"
"KADIN",266572,2021,"Kadıköy"
"ERKEK",237533,2022,"Kadıköy"
"KADIN",280819,2022,"Kadıköy"
"ERKEK",237482,2023,"Kadıköy"
"KADIN",280773,2023,"Kadıköy"
"ERKEK",237430,2024,"Kadıköy"
"KADIN",280726,2024,"Kadıköy"
"ERKEK",237482,2025,"Kadıköy"
"KADIN",280773,2025,"Kadıköy"
"ERKEK",237328,2026,"Kadıköy"
"KADIN",280632,2026,"Kadıköy"
"ERKEK",271671,2007,"Kartal"
"KADIN",269538,2007,"Kartal"
"ERKEK",215351,2008,"Kartal"
"KADIN",211397,2008,"Kartal"
"ERKEK",214128,2009,"Kartal"
"KADIN",212552,2009,"Kartal"
"ERKEK",216173,2010,"Kartal"
"KADIN",216026,2010,"Kartal"
"ERKEK",220330,2011,"Kartal"
"KADIN",220557,2011,"Kartal"
"ERKEK",221383,2012,"Kartal"
"KADIN",221910,2012,"Kartal"
"ERKEK",222638,2013,"Kartal"
"KADIN",224472,2013,"Kartal"
"ERKEK",224263,2014,"Kartal"
"KADIN",226235,2014,"Kartal"
"ERKEK",227602,2015,"Kartal"
"KADIN",229950,2015,"Kartal"
"ERKEK",228304,2016,"Kartal"
"KADIN",230994,2016,"Kartal"
"ERKEK",229568,2017,"Kartal"
"KADIN",233865,2017,"Kartal"
"ERKEK",228034,2018,"Kartal"
"KADIN",233121,2018,"Kartal"
"ERKEK",232838,2019,"Kartal"
"KADIN",237838,2019,"Kartal"
"ERKEK",234618,2020,"Kartal"
"KADIN",239896,2020,"Kartal"
"ERKEK",237136,2021,"Kartal"
"KADIN",243602,2021,"Kartal"
"ERKEK",228296,2022,"Kartal"
"KADIN",229898,2022,"Kartal"
"ERKEK",228297,2023,"Kartal"
"KADIN",229906,2023,"Kartal"
"ERKEK",228298,2024,"Kartal"
"KADIN",229913,2024,"Kartal"
"ERKEK",228297,2025,"Kartal"
"KADIN",229906,2025,"Kartal"
"ERKEK",228301,2026,"Kartal"
"KADIN",229929,2026,"Kartal"
"ERKEK",211668,2007,"Kağıthane"
"KADIN",206561,2007,"Kağıthane"
"ERKEK",210657,2008,"Kağıthane"
"KADIN",204473,2008,"Kağıthane"
"ERKEK",210088,2009,"Kağıthane"
"KADIN",203709,2009,"Kağıthane"
"ERKEK",210718,2010,"Kağıthane"
"KADIN",205797,2010,"Kağıthane"
"ERKEK",212700,2011,"Kağıthane"
"KADIN",207165,2011,"Kağıthane"
"ERKEK",213562,2012,"Kağıthane"
"KADIN",207794,2012,"Kağıthane"
"ERKEK",217577,2013,"Kağıthane"
"KADIN",211178,2013,"Kağıthane"
"ERKEK",219449,2014,"Kağıthane"
"KADIN",212781,2014,"Kağıthane"
"ERKEK",222523,2015,"Kağıthane"
"KADIN",215419,2015,"Kağıthane"
"ERKEK",222981,2016,"Kağıthane"
"KADIN",216704,2016,"Kağıthane"
"ERKEK",223598,2017,"Kağıthane"
"KADIN",219096,2017,"Kağıthane"
"ERKEK",220089,2018,"Kağıthane"
"KADIN",216937,2018,"Kağıthane"
"ERKEK",226687,2019,"Kağıthane"
"KADIN",221338,2019,"Kağıthane"
"ERKEK",223447,2020,"Kağıthane"
"KADIN",218968,2020,"Kağıthane"
"ERKEK",229412,2021,"Kağıthane"
"KADIN",225138,2021,"Kağıthane"
"ERKEK",217957,2022,"Kağıthane"
"KADIN",212374,2022,"Kağıthane"
"ERKEK",217969,2023,"Kağıthane"
"KADIN",212387,2023,"Kağıthane"
"ERKEK",217981,2024,"Kağıthane"
"KADIN",212400,2024,"Kağıthane"
"ERKEK",217969,2025,"Kağıthane"
"KADIN",212387,2025,"Kağıthane"
"ERKEK",218006,2026,"Kağıthane"
"KADIN",212426,2026,"Kağıthane"
"ERKEK",395170,2007,"Küçükçekmece"
"KADIN",390222,2007,"Küçükçekmece"
"ERKEK",337971,2008,"Küçükçekmece"
"KADIN",331110,2008,"Küçükçekmece"
"ERKEK",340608,2009,"Küçükçekmece"
"KADIN",334187,2009,"Küçükçekmece"
"ERKEK",350389,2010,"Küçükçekmece"
"KADIN",345599,2010,"Küçükçekmece"
"ERKEK",357362,2011,"Küçükçekmece"
"KADIN",353750,2011,"Küçükçekmece"
"ERKEK",362891,2012,"Küçükçekmece"
"KADIN",359020,2012,"Küçükçekmece"
"ERKEK",372467,2013,"Küçükçekmece"
"KADIN",367623,2013,"Küçükçekmece"
"ERKEK",376430,2014,"Küçükçekmece"
"KADIN",371968,2014,"Küçükçekmece"
"ERKEK",382547,2015,"Küçükçekmece"
"KADIN",378517,2015,"Küçükçekmece"
"ERKEK",385070,2016,"Küçükçekmece"
"KADIN",381539,2016,"Küçükçekmece"
"ERKEK",386064,2017,"Küçükçekmece"
"KADIN",384329,2017,"Küçükçekmece"
"ERKEK",385154,2018,"Küçükçekmece"
"KADIN",385163,2018,"Küçükçekmece"
"ERKEK",397825,2019,"Küçükçekmece"
"KADIN",394996,2019,"Küçükçekmece"
"ERKEK",395884,2020,"Küçükçekmece"
"KADIN",393749,2020,"Küçükçekmece"
"ERKEK",403820,2021,"Küçükçekmece"
"KADIN",402110,2021,"Küçükçekmece"
"ERKEK",374078,2022,"Küçükçekmece"
"KADIN",370083,2022,"Küçükçekmece"
"ERKEK",374110,2023,"Küçükçekmece"
"KADIN",370119,2023,"Küçükçekmece"
"ERKEK",374143,2024,"Küçükçekmece"
"KADIN",370154,2024,"Küçükçekmece"
"ERKEK",374110,2025,"Küçükçekmece"
"KADIN",370119,2025,"Küçükçekmece"
"ERKEK",374208,2026,"Küçükçekmece"
"KADIN",370225,2026,"Küçükçekmece"
"ERKEK",205640,2007,"Maltepe"
"KADIN",209477,2007,"Maltepe"
"ERKEK",206685,2008,"Maltepe"
"KADIN",210920,2008,"Maltepe"
"ERKEK",213523,2009,"Maltepe"
"KADIN",213518,2009,"Maltepe"
"ERKEK",217822,2010,"Maltepe"
"KADIN",220435,2010,"Maltepe"
"ERKEK",225768,2011,"Maltepe"
"KADIN",226331,2011,"Maltepe"
"ERKEK",229264,2012,"Maltepe"
"KADIN",231691,2012,"Maltepe"
"ERKEK",234120,2013,"Maltepe"
"KADIN",236939,2013,"Maltepe"
"ERKEK",236629,2014,"Maltepe"
"KADIN",240177,2014,"Maltepe"
"ERKEK",241440,2015,"Maltepe"
"KADIN",245897,2015,"Maltepe"
"ERKEK",241411,2016,"Maltepe"
"KADIN",248740,2016,"Maltepe"
"ERKEK",247358,2017,"Maltepe"
"KADIN",250228,2017,"Maltepe"
"ERKEK",248023,2018,"Maltepe"
"KADIN",249011,2018,"Maltepe"
"ERKEK",256519,2019,"Maltepe"
"KADIN",256797,2019,"Maltepe"
"ERKEK",256869,2020,"Maltepe"
"KADIN",258152,2020,"Maltepe"
"ERKEK",262663,2021,"Maltepe"
"KADIN",262903,2021,"Maltepe"
"ERKEK",233731,2022,"Maltepe"
"KADIN",235963,2022,"Maltepe"
"ERKEK",233769,2023,"Maltepe"
"KADIN",236000,2023,"Maltepe"
"ERKEK",233807,2024,"Maltepe"
"KADIN",236037,2024,"Maltepe"
"ERKEK",233769,2025,"Maltepe"
"KADIN",236000,2025,"Maltepe"
"ERKEK",233884,2026,"Maltepe"
"KADIN",236111,2026,"Maltepe"
"ERKEK",262859,2007,"Pendik"
"KADIN",257627,2007,"Pendik"
"ERKEK",275487,2008,"Pendik"
"KADIN",266132,2008,"Pendik"
"ERKEK",286223,2009,"Pendik"
"KADIN",275899,2009,"Pendik"
"ERKEK",297134,2010,"Pendik"
"KADIN",288062,2010,"Pendik"
"ERKEK",309519,2011,"Pendik"
"KADIN",300016,2011,"Pendik"
"ERKEK",317757,2012,"Pendik"
"KADIN",308040,2012,"Pendik"
"ERKEK",328607,2013,"Pendik"
"KADIN",317768,2013,"Pendik"
"ERKEK",336800,2014,"Pendik"
"KADIN",326769,2014,"Pendik"
"ERKEK",345821,2015,"Pendik"
"KADIN",335915,2015,"Pendik"
"ERKEK",350782,2016,"Pendik"
"KADIN",340899,2016,"Pendik"
"ERKEK",353327,2017,"Pendik"
"KADIN",344933,2017,"Pendik"
"ERKEK",350302,2018,"Pendik"
"KADIN",343297,2018,"Pendik"
"ERKEK",359891,2019,"Pendik"
"KADIN",352003,2019,"Pendik"
"ERKEK",367107,2020,"Pendik"
"KADIN",359374,2020,"Pendik"
"ERKEK",374807,2021,"Pendik"
"KADIN",367088,2021,"Pendik"
"ERKEK",324866,2022,"Pendik"
"KADIN",315969,2022,"Pendik"
"ERKEK",324938,2023,"Pendik"
"KADIN",316041,2023,"Pendik"
"ERKEK",325011,2024,"Pendik"
"KADIN",316114,2024,"Pendik"
"ERKEK",324938,2025,"Pendik"
"KADIN",316041,2025,"Pendik"
"ERKEK",325155,2026,"Pendik"
"KADIN",316259,2026,"Pendik"
"ERKEK",0,2007,"Sancaktepe"
"KADIN",0,2007,"Sancaktepe"
"ERKEK",117584,2008,"Sancaktepe"
"KADIN",111509,2008,"Sancaktepe"
"ERKEK",123729,2009,"Sancaktepe"
"KADIN",117504,2009,"Sancaktepe"
"ERKEK",131293,2010,"Sancaktepe"
"KADIN",125149,2010,"Sancaktepe"
"ERKEK",136930,2011,"Sancaktepe"
"KADIN",130607,2011,"Sancaktepe"
"ERKEK",142556,2012,"Sancaktepe"
"KADIN",136442,2012,"Sancaktepe"
"ERKEK",156180,2013,"Sancaktepe"
"KADIN",148226,2013,"Sancaktepe"
"ERKEK",169151,2014,"Sancaktepe"
"KADIN",160637,2014,"Sancaktepe"
"ERKEK",181860,2015,"Sancaktepe"
"KADIN",173022,2015,"Sancaktepe"
"ERKEK",192982,2016,"Sancaktepe"
"KADIN",184065,2016,"Sancaktepe"
"ERKEK",205184,2017,"Sancaktepe"
"KADIN",197207,2017,"Sancaktepe"
"ERKEK",210194,2018,"Sancaktepe"
"KADIN",203949,2018,"Sancaktepe"
"ERKEK",221420,2019,"Sancaktepe"
"KADIN",215313,2019,"Sancaktepe"
"ERKEK",231744,2020,"Sancaktepe"
"KADIN",225117,2020,"Sancaktepe"
"ERKEK",240230,2021,"Sancaktepe"
"KADIN",234438,2021,"Sancaktepe"
"ERKEK",159299,2022,"Sancaktepe"
"KADIN",152923,2022,"Sancaktepe"
"ERKEK",159418,2023,"Sancaktepe"
"KADIN",153039,2023,"Sancaktepe"
"ERKEK",159536,2024,"Sancaktepe"
"KADIN",153156,2024,"Sancaktepe"
"ERKEK",159418,2025,"Sancaktepe"
"KADIN",153039,2025,"Sancaktepe"
"ERKEK",159773,2026,"Sancaktepe"
"KADIN",153389,2026,"Sancaktepe"
"ERKEK",138360,2007,"Sarıyer"
"KADIN",138047,2007,"Sarıyer"
"ERKEK",139556,2008,"Sarıyer"
"KADIN",137816,2008,"Sarıyer"
"ERKEK",139866,2009,"Sarıyer"
"KADIN",138661,2009,"Sarıyer"
"ERKEK",141083,2010,"Sarıyer"
"KADIN",139719,2010,"Sarıyer"
"ERKEK",143903,2011,"Sarıyer"
"KADIN",143406,2011,"Sarıyer"
"ERKEK",144249,2012,"Sarıyer"
"KADIN",145710,2012,"Sarıyer"
"ERKEK",166574,2013,"Sarıyer"
"KADIN",169024,2013,"Sarıyer"
"ERKEK",167626,2014,"Sarıyer"
"KADIN",170055,2014,"Sarıyer"
"ERKEK",171739,2015,"Sarıyer"
"KADIN",172420,2015,"Sarıyer"
"ERKEK",169918,2016,"Sarıyer"
"KADIN",172835,2016,"Sarıyer"
"ERKEK",170599,2017,"Sarıyer"
"KADIN",174277,2017,"Sarıyer"
"ERKEK",169304,2018,"Sarıyer"
"KADIN",173199,2018,"Sarıyer"
"ERKEK",171914,2019,"Sarıyer"
"KADIN",175300,2019,"Sarıyer"
"ERKEK",165405,2020,"Sarıyer"
"KADIN",169893,2020,"Sarıyer"
"ERKEK",172832,2021,"Sarıyer"
"KADIN",177136,2021,"Sarıyer"
"ERKEK",156659,2022,"Sarıyer"
"KADIN",158060,2022,"Sarıyer"
"ERKEK",156685,2023,"Sarıyer"
"KADIN",158091,2023,"Sarıyer"
"ERKEK",156711,2024,"Sarıyer"
"KADIN",158121,2024,"Sarıyer"
"ERKEK",156685,2025,"Sarıyer"
"KADIN",158091,2025,"Sarıyer"
"ERKEK",156762,2026,"Sarıyer"
"KADIN",158181,2026,"Sarıyer"
"ERKEK",63716,2007,"Silivri"
"KADIN",61648,2007,"Silivri"
"ERKEK",63901,2008,"Silivri"
"KADIN",60700,2008,"Silivri"
"ERKEK",71927,2009,"Silivri"
"KADIN",62733,2009,"Silivri"
"ERKEK",74412,2010,"Silivri"
"KADIN",64385,2010,"Silivri"
"ERKEK",78568,2011,"Silivri"
"KADIN",66213,2011,"Silivri"
"ERKEK",81809,2012,"Silivri"
"KADIN",68374,2012,"Silivri"
"ERKEK",85105,2013,"Silivri"
"KADIN",70818,2013,"Silivri"
"ERKEK",87554,2014,"Silivri"
"KADIN",73611,2014,"Silivri"
"ERKEK",89393,2015,"Silivri"
"KADIN",75691,2015,"Silivri"
"ERKEK",92892,2016,"Silivri"
"KADIN",77631,2016,"Silivri"
"ERKEK",100919,2017,"Silivri"
"KADIN",79605,2017,"Silivri"
"ERKEK",106014,2018,"Silivri"
"KADIN",81607,2018,"Silivri"
"ERKEK",109643,2019,"Silivri"
"KADIN",84037,2019,"Silivri"
"ERKEK",113154,2020,"Silivri"
"KADIN",87061,2020,"Silivri"
"ERKEK",118642,2021,"Silivri"
"KADIN",90372,2021,"Silivri"
"ERKEK",87902,2022,"Silivri"
"KADIN",72876,2022,"Silivri"
"ERKEK",87938,2023,"Silivri"
"KADIN",72896,2023,"Silivri"
"ERKEK",87974,2024,"Silivri"
"KADIN",72915,2024,"Silivri"
"ERKEK",87938,2025,"Silivri"
"KADIN",72896,2025,"Silivri"
"ERKEK",88047,2026,"Silivri"
"KADIN",72954,2026,"Silivri"
"ERKEK",139590,2007,"Sultanbeyli"
"KADIN",133168,2007,"Sultanbeyli"
"ERKEK",145125,2008,"Sultanbeyli"
"KADIN",136901,2008,"Sultanbeyli"
"ERKEK",147510,2009,"Sultanbeyli"
"KADIN",139112,2009,"Sultanbeyli"
"ERKEK",149610,2010,"Sultanbeyli"
"KADIN",141453,2010,"Sultanbeyli"
"ERKEK",153350,2011,"Sultanbeyli"
"KADIN",144793,2011,"Sultanbeyli"
"ERKEK",155314,2012,"Sultanbeyli"
"KADIN",147074,2012,"Sultanbeyli"
"ERKEK",159326,2013,"Sultanbeyli"
"KADIN",150021,2013,"Sultanbeyli"
"ERKEK",162321,2014,"Sultanbeyli"
"KADIN",152701,2014,"Sultanbeyli"
"ERKEK",165784,2015,"Sultanbeyli"
"KADIN",155946,2015,"Sultanbeyli"
"ERKEK",167194,2016,"Sultanbeyli"
"KADIN",157515,2016,"Sultanbeyli"
"ERKEK",169441,2017,"Sultanbeyli"
"KADIN",160544,2017,"Sultanbeyli"
"ERKEK",167763,2018,"Sultanbeyli"
"KADIN",160035,2018,"Sultanbeyli"
"ERKEK",172436,2019,"Sultanbeyli"
"KADIN",163585,2019,"Sultanbeyli"
"ERKEK",176121,2020,"Sultanbeyli"
"KADIN",167197,2020,"Sultanbeyli"
"ERKEK",178935,2021,"Sultanbeyli"
"KADIN",170550,2021,"Sultanbeyli"
"ERKEK",159812,2022,"Sultanbeyli"
"KADIN",151204,2022,"Sultanbeyli"
"ERKEK",159837,2023,"Sultanbeyli"
"KADIN",151227,2023,"Sultanbeyli"
"ERKEK",159862,2024,"Sultanbeyli"
"KADIN",151251,2024,"Sultanbeyli"
"ERKEK",159837,2025,"Sultanbeyli"
"KADIN",151227,2025,"Sultanbeyli"
"ERKEK",159911,2026,"Sultanbeyli"
"KADIN",151298,2026,"Sultanbeyli"
"ERKEK",0,2007,"Sultangazi"
"KADIN",0,2007,"Sultangazi"
"ERKEK",227643,2008,"Sultangazi"
"KADIN",216652,2008,"Sultangazi"
"ERKEK",232329,2009,"Sultangazi"
"KADIN",220234,2009,"Sultangazi"
"ERKEK",240412,2010,"Sultangazi"
"KADIN",227862,2010,"Sultangazi"
"ERKEK",248471,2011,"Sultangazi"
"KADIN",234754,2011,"Sultangazi"
"ERKEK",252158,2012,"Sultangazi"
"KADIN",240054,2012,"Sultangazi"
"ERKEK",259014,2013,"Sultangazi"
"KADIN",246176,2013,"Sultangazi"
"ERKEK",263044,2014,"Sultangazi"
"KADIN",249978,2014,"Sultangazi"
"ERKEK",267305,2015,"Sultangazi"
"KADIN",254219,2015,"Sultangazi"
"ERKEK",268737,2016,"Sultangazi"
"KADIN",256353,2016,"Sultangazi"
"ERKEK",269692,2017,"Sultangazi"
"KADIN",258822,2017,"Sultangazi"
"ERKEK",266629,2018,"Sultangazi"
"KADIN",257136,2018,"Sultangazi"
"ERKEK",272613,2019,"Sultangazi"
"KADIN",261952,2019,"Sultangazi"
"ERKEK",274044,2020,"Sultangazi"
"KADIN",263444,2020,"Sultangazi"
"ERKEK",277601,2021,"Sultangazi"
"KADIN",265779,2021,"Sultangazi"
"ERKEK",238016,2022,"Sultangazi"
"KADIN",226890,2022,"Sultangazi"
"ERKEK",238106,2023,"Sultangazi"
"KADIN",226978,2023,"Sultangazi"
"ERKEK",238196,2024,"Sultangazi"
"KADIN",227066,2024,"Sultangazi"
"ERKEK",238106,2025,"Sultangazi"
"KADIN",226978,2025,"Sultangazi"
"ERKEK",238376,2026,"Sultangazi"
"KADIN",227241,2026,"Sultangazi"
"ERKEK",86086,2007,"Tuzla"
"KADIN",79153,2007,"Tuzla"
"ERKEK",88868,2008,"Tuzla"
"KADIN",81585,2008,"Tuzla"
"ERKEK",97366,2009,"Tuzla"
"KADIN",84292,2009,"Tuzla"
"ERKEK",97087,2010,"Tuzla"
"KADIN",88732,2010,"Tuzla"
"ERKEK",103939,2011,"Tuzla"
"KADIN",93291,2011,"Tuzla"
"ERKEK",102095,2012,"Tuzla"
"KADIN",95562,2012,"Tuzla"
"ERKEK",107867,2013,"Tuzla"
"KADIN",100940,2013,"Tuzla"
"ERKEK",114589,2014,"Tuzla"
"KADIN",107031,2014,"Tuzla"
"ERKEK",120703,2015,"Tuzla"
"KADIN",113669,2015,"Tuzla"
"ERKEK",123941,2016,"Tuzla"
"KADIN",118291,2016,"Tuzla"
"ERKEK",129641,2017,"Tuzla"
"KADIN",123282,2017,"Tuzla"
"ERKEK",130360,2018,"Tuzla"
"KADIN",125108,2018,"Tuzla"
"ERKEK",136758,2019,"Tuzla"
"KADIN",130642,2019,"Tuzla"
"ERKEK",139481,2020,"Tuzla"
"KADIN",134127,2020,"Tuzla"
"ERKEK",145258,2021,"Tuzla"
"KADIN",139185,2021,"Tuzla"
"ERKEK",113390,2022,"Tuzla"
"KADIN",105853,2022,"Tuzla"
"ERKEK",113430,2023,"Tuzla"
"KADIN",105895,2023,"Tuzla"
"ERKEK",113469,2024,"Tuzla"
"KADIN",105937,2024,"Tuzla"
"ERKEK",113430,2025,"Tuzla"
"KADIN",105895,2025,"Tuzla"
"ERKEK",113548,2026,"Tuzla"
"KADIN",106021,2026,"Tuzla"
"ERKEK",144801,2007,"Zeytinburnu"
"KADIN",143942,2007,"Zeytinburnu"
"ERKEK",145315,2008,"Zeytinburnu"
"KADIN",142743,2008,"Zeytinburnu"
"ERKEK",146101,2009,"Zeytinburnu"
"KADIN",144046,2009,"Zeytinburnu"
"ERKEK",147011,2010,"Zeytinburnu"
"KADIN",145419,2010,"Zeytinburnu"
"ERKEK",147716,2011,"Zeytinburnu"
"KADIN",145512,2011,"Zeytinburnu"
"ERKEK",147380,2012,"Zeytinburnu"
"KADIN",145027,2012,"Zeytinburnu"
"ERKEK",147719,2013,"Zeytinburnu"
"KADIN",144594,2013,"Zeytinburnu"
"ERKEK",144928,2014,"Zeytinburnu"
"KADIN",142295,2014,"Zeytinburnu"
"ERKEK",144666,2015,"Zeytinburnu"
"KADIN",145019,2015,"Zeytinburnu"
"ERKEK",143895,2016,"Zeytinburnu"
"KADIN",144002,2016,"Zeytinburnu"
"ERKEK",143504,2017,"Zeytinburnu"
"KADIN",143874,2017,"Zeytinburnu"
"ERKEK",142052,2018,"Zeytinburnu"
"KADIN",142883,2018,"Zeytinburnu"
"ERKEK",147949,2019,"Zeytinburnu"
"KADIN",145625,2019,"Zeytinburnu"
"ERKEK",143190,2020,"Zeytinburnu"
"KADIN",140467,2020,"Zeytinburnu"
"ERKEK",147234,2021,"Zeytinburnu"
"KADIN",146605,2021,"Zeytinburnu"
"ERKEK",145963,2022,"Zeytinburnu"
"KADIN",144244,2022,"Zeytinburnu"
"ERKEK",145963,2023,"Zeytinburnu"
"KADIN",144244,2023,"Zeytinburnu"
"ERKEK",145963,2024,"Zeytinburnu"
"KADIN",144244,2024,"Zeytinburnu"
"ERKEK",145963,2025,"Zeytinburnu"
"KADIN",144244,2025,"Zeytinburnu"
"ERKEK",145963,2026,"Zeytinburnu"
"KADIN",144244,2026,"Zeytinburnu"
"ERKEK",46578,2007,"Çatalca"
"KADIN",42580,2007,"Çatalca"
"ERKEK",32163,2008,"Çatalca"
"KADIN",30176,2008,"Çatalca"
"ERKEK",32889,2009,"Çatalca"
"KADIN",30388,2009,"Çatalca"
"ERKEK",31387,2010,"Çatalca"
"KADIN",30614,2010,"Çatalca"
"ERKEK",32621,2011,"Çatalca"
"KADIN",30758,2011,"Çatalca"
"ERKEK",32670,2012,"Çatalca"
"KADIN",30797,2012,"Çatalca"
"ERKEK",33416,2013,"Çatalca"
"KADIN",32395,2013,"Çatalca"
"ERKEK",35130,2014,"Çatalca"
"KADIN",32713,2014,"Çatalca"
"ERKEK",34271,2015,"Çatalca"
"KADIN",33058,2015,"Çatalca"
"ERKEK",35510,2016,"Çatalca"
"KADIN",33425,2016,"Çatalca"
"ERKEK",35224,2017,"Çatalca"
"KADIN",33833,2017,"Çatalca"
"ERKEK",37675,2018,"Çatalca"
"KADIN",35291,2018,"Çatalca"
"ERKEK",38037,2019,"Çatalca"
"KADIN",35681,2019,"Çatalca"
"ERKEK",38447,2020,"Çatalca"
"KADIN",36528,2020,"Çatalca"
"ERKEK",39046,2021,"Çatalca"
"KADIN",37085,2021,"Çatalca"
"ERKEK",35534,2022,"Çatalca"
"KADIN",33593,2022,"Çatalca"
"ERKEK",35534,2023,"Çatalca"
"KADIN",33594,2023,"Çatalca"
"ERKEK",35535,2024,"Çatalca"
"KADIN",33595,2024,"Çatalca"
"ERKEK",35534,2025,"Çatalca"
"KADIN",33594,2025,"Çatalca"
"ERKEK",35536,2026,"Çatalca"
"KADIN",33597,2026,"Çatalca"
"ERKEK",0,2007,"Çekmeköy"
"KADIN",0,2007,"Çekmeköy"
"ERKEK",75251,2008,"Çekmeköy"
"KADIN",72101,2008,"Çekmeköy"
"ERKEK",78294,2009,"Çekmeköy"
"KADIN",75809,2009,"Çekmeköy"
"ERKEK",85366,2010,"Çekmeköy"
"KADIN",83072,2010,"Çekmeköy"
"ERKEK",93116,2011,"Çekmeköy"
"KADIN",89897,2011,"Çekmeköy"
"ERKEK",98029,2012,"Çekmeköy"
"KADIN",95153,2012,"Çekmeköy"
"ERKEK",105171,2013,"Çekmeköy"
"KADIN",102305,2013,"Çekmeköy"
"ERKEK",111730,2014,"Çekmeköy"
"KADIN",108926,2014,"Çekmeköy"
"ERKEK",117257,2015,"Çekmeköy"
"KADIN",114561,2015,"Çekmeköy"
"ERKEK",120826,2016,"Çekmeköy"
"KADIN",118785,2016,"Çekmeköy"
"ERKEK",125220,2017,"Çekmeköy"
"KADIN",123639,2017,"Çekmeköy"
"ERKEK",126336,2018,"Çekmeköy"
"KADIN",125601,2018,"Çekmeköy"
"ERKEK",132612,2019,"Çekmeköy"
"KADIN",131896,2019,"Çekmeköy"
"ERKEK",136842,2020,"Çekmeköy"
"KADIN",136816,2020,"Çekmeköy"
"ERKEK",143789,2021,"Çekmeköy"
"KADIN",144796,2021,"Çekmeköy"
"ERKEK",100768,2022,"Çekmeköy"
"KADIN",98958,2022,"Çekmeköy"
"ERKEK",100834,2023,"Çekmeköy"
"KADIN",99026,2023,"Çekmeköy"
"ERKEK",100901,2024,"Çekmeköy"
"KADIN",99094,2024,"Çekmeköy"
"ERKEK",100834,2025,"Çekmeköy"
"KADIN",99026,2025,"Çekmeköy"
"ERKEK",101034,2026,"Çekmeköy"
"KADIN",99230,2026,"Çekmeköy"
"ERKEK",454555,2007,"Ümraniye"
"KADIN",442705,2007,"Ümraniye"
"ERKEK",281677,2008,"Ümraniye"
"KADIN",272258,2008,"Ümraniye"
"ERKEK",292195,2009,"Ümraniye"
"KADIN",281070,2009,"Ümraniye"
"ERKEK",306300,2010,"Ümraniye"
"KADIN",297131,2010,"Ümraniye"
"ERKEK",320256,2011,"Ümraniye"
"KADIN",311347,2011,"Ümraniye"
"ERKEK",326439,2012,"Ümraniye"
"KADIN",318799,2012,"Ümraniye"
"ERKEK",333873,2013,"Ümraniye"
"KADIN",326252,2013,"Ümraniye"
"ERKEK",340089,2014,"Ümraniye"
"KADIN",334042,2014,"Ümraniye"
"ERKEK",346997,2015,"Ümraniye"
"KADIN",341350,2015,"Ümraniye"
"ERKEK",348788,2016,"Ümraniye"
"KADIN",345370,2016,"Ümraniye"
"ERKEK",350688,2017,"Ümraniye"
"KADIN",349213,2017,"Ümraniye"
"ERKEK",345478,2018,"Ümraniye"
"KADIN",344715,2018,"Ümraniye"
"ERKEK",356533,2019,"Ümraniye"
"KADIN",353747,2019,"Ümraniye"
"ERKEK",358075,2020,"Ümraniye"
"KADIN",355728,2020,"Ümraniye"
"ERKEK",363386,2021,"Ümraniye"
"KADIN",363372,2021,"Ümraniye"
"ERKEK",340972,2022,"Ümraniye"
"KADIN",334571,2022,"Ümraniye"
"ERKEK",340986,2023,"Ümraniye"
"KADIN",334593,2023,"Ümraniye"
"ERKEK",341001,2024,"Ümraniye"
"KADIN",334615,2024,"Ümraniye"
"ERKEK",340986,2025,"Ümraniye"
"KADIN",334593,2025,"Ümraniye"
"ERKEK",341029,2026,"Ümraniye"
"KADIN",334658,2026,"Ümraniye"
"ERKEK",287012,2007,"Üsküdar"
"KADIN",295654,2007,"Üsküdar"
"ERKEK",260109,2008,"Üsküdar"
"KADIN",264780,2008,"Üsküdar"
"ERKEK",259338,2009,"Üsküdar"
"KADIN",265041,2009,"Üsküdar"
"ERKEK",260201,2010,"Üsküdar"
"KADIN",266746,2010,"Üsküdar"
"ERKEK",262783,2011,"Üsküdar"
"KADIN",269399,2011,"Üsküdar"
"ERKEK",264968,2012,"Üsküdar"
"KADIN",270948,2012,"Üsküdar"
"ERKEK",263365,2013,"Üsküdar"
"KADIN",271271,2013,"Üsküdar"
"ERKEK",263453,2014,"Üsküdar"
"KADIN",271517,2014,"Üsküdar"
"ERKEK",265637,2015,"Üsküdar"
"KADIN",274980,2015,"Üsküdar"
"ERKEK",262390,2016,"Üsküdar"
"KADIN",273147,2016,"Üsküdar"
"ERKEK",260604,2017,"Üsküdar"
"KADIN",272966,2017,"Üsküdar"
"ERKEK",257831,2018,"Üsküdar"
"KADIN",271314,2018,"Üsküdar"
"ERKEK",258988,2019,"Üsküdar"
"KADIN",272837,2019,"Üsküdar"
"ERKEK",253680,2020,"Üsküdar"
"KADIN",267091,2020,"Üsküdar"
"ERKEK",255022,2021,"Üsküdar"
"KADIN",270373,2021,"Üsküdar"
"ERKEK",262631,2022,"Üsküdar"
"KADIN",271797,2022,"Üsküdar"
"ERKEK",262622,2023,"Üsküdar"
"KADIN",271794,2023,"Üsküdar"
"ERKEK",262613,2024,"Üsküdar"
"KADIN",271792,2024,"Üsküdar"
"ERKEK",262622,2025,"Üsküdar"
"KADIN",271794,2025,"Üsküdar"
"ERKEK",262596,2026,"Üsküdar"
"KADIN",271787,2026,"Üsküdar"
"ERKEK",13057,2007,"Şile"
"KADIN",12112,2007,"Şile"
"ERKEK",14739,2008,"Şile"
"KADIN",13832,2008,"Şile"
"ERKEK",14579,2009,"Şile"
"KADIN",13746,2009,"Şile"
"ERKEK",14202,2010,"Şile"
"KADIN",13917,2010,"Şile"
"ERKEK",14735,2011,"Şile"
"KADIN",14112,2011,"Şile"
"ERKEK",15522,2012,"Şile"
"KADIN",14696,2012,"Şile"
"ERKEK",16288,2013,"Şile"
"KADIN",15430,2013,"Şile"
"ERKEK",16895,2014,"Şile"
"KADIN",15928,2014,"Şile"
"ERKEK",17224,2015,"Şile"
"KADIN",16253,2015,"Şile"
"ERKEK",17595,2016,"Şile"
"KADIN",16646,2016,"Şile"
"ERKEK",18207,2017,"Şile"
"KADIN",16924,2017,"Şile"
"ERKEK",18805,2018,"Şile"
"KADIN",17711,2018,"Şile"
"ERKEK",19660,2019,"Şile"
"KADIN",18032,2019,"Şile"
"ERKEK",19709,2020,"Şile"
"KADIN",18195,2020,"Şile"
"ERKEK",21558,2021,"Şile"
"KADIN",20069,2021,"Şile"
"ERKEK",16679,2022,"Şile"
"KADIN",15664,2022,"Şile"
"ERKEK",16683,2023,"Şile"
"KADIN",15667,2023,"Şile"
"ERKEK",16687,2024,"Şile"
"KADIN",15671,2024,"Şile"
"ERKEK",16683,2025,"Şile"
"KADIN",15667,2025,"Şile"
"ERKEK",16696,2026,"Şile"
"KADIN",15678,2026,"Şile"
"ERKEK",153893,2007,"Şişli"
"KADIN",160791,2007,"Şişli"
"ERKEK",153207,2008,"Şişli"
"KADIN",159459,2008,"Şişli"
"ERKEK",155191,2009,"Şişli"
"KADIN",160867,2009,"Şişli"
"ERKEK",156018,2010,"Şişli"
"KADIN",161319,2010,"Şişli"
"ERKEK",158371,2011,"Şişli"
"KADIN",162392,2011,"Şişli"
"ERKEK",156054,2012,"Şişli"
"KADIN",162163,2012,"Şişli"
"ERKEK",134083,2013,"Şişli"
"KADIN",140337,2013,"Şişli"
"ERKEK",132737,2014,"Şişli"
"KADIN",139643,2014,"Şişli"
"ERKEK",133722,2015,"Şişli"
"KADIN",140295,2015,"Şişli"
"ERKEK",133080,2016,"Şişli"
"KADIN",139723,2016,"Şişli"
"ERKEK",133548,2017,"Şişli"
"KADIN",140648,2017,"Şişli"
"ERKEK",133500,2018,"Şişli"
"KADIN",140789,2018,"Şişli"
"ERKEK",136739,2019,"Şişli"
"KADIN",143078,2019,"Şişli"
"ERKEK",129931,2020,"Şişli"
"KADIN",136862,2020,"Şişli"
"ERKEK",138611,2021,"Şişli"
"KADIN",145683,2021,"Şişli"
"ERKEK",143864,2022,"Şişli"
"KADIN",150135,2022,"Şişli"
"ERKEK",143847,2023,"Şişli"
"KADIN",150119,2023,"Şişli"
"ERKEK",143830,2024,"Şişli"
"KADIN",150103,2024,"Şişli"
"ERKEK",143847,2025,"Şişli"
"KADIN",150119,2025,"Şişli"
"ERKEK",143796,2026,"Şişli"
"KADIN",150070,2026,"Şişli"
